"authorMeta/avatar","authorMeta/bioLink","authorMeta/digg","authorMeta/fans","authorMeta/following","authorMeta/friends","authorMeta/heart","authorMeta/id","authorMeta/name","authorMeta/nickName","authorMeta/originalAvatarUrl","authorMeta/privateAccount","authorMeta/profileUrl","authorMeta/signature","authorMeta/verified","authorMeta/video","collectCount","commentCount","createTime","createTimeISO","diggCount","effectStickers/0/ID","effectStickers/0/name","effectStickers/0/stickerStats/useCount","effectStickers/1/ID","effectStickers/1/name","effectStickers/1/stickerStats/useCount","effectStickers/2/ID","effectStickers/2/name","effectStickers/2/stickerStats/useCount","hashtags/0/name","hashtags/1/name","hashtags/2/name","hashtags/3/name","hashtags/4/name","id","input","isAd","isPinned","isSlideshow","isSponsored","locationMeta/address","locationMeta/city","locationMeta/cityCode","locationMeta/countryCode","locationMeta/locationId","locationMeta/locationName","musicMeta/coverMediumUrl","musicMeta/musicAuthor","musicMeta/musicId","musicMeta/musicName","musicMeta/musicOriginal","musicMeta/originalCoverMediumUrl","musicMeta/playUrl","playCount","searchHashtag/name","searchHashtag/views","shareCount","text","textLanguage","videoMeta/coverUrl","videoMeta/definition","videoMeta/duration","videoMeta/format","videoMeta/height","videoMeta/originalCoverUrl","videoMeta/subtitleLinks/0/downloadLink","videoMeta/subtitleLinks/0/language","videoMeta/subtitleLinks/0/source","videoMeta/subtitleLinks/0/sourceUnabbreviated","videoMeta/subtitleLinks/0/tiktokLink","videoMeta/subtitleLinks/0/version","videoMeta/subtitleLinks/1/downloadLink","videoMeta/subtitleLinks/1/language","videoMeta/subtitleLinks/1/source","videoMeta/subtitleLinks/1/sourceUnabbreviated","videoMeta/subtitleLinks/1/tiktokLink","videoMeta/subtitleLinks/1/version","videoMeta/width","webVideoUrl"
"https://p9-sign-sg.tiktokcdn.com/tos-alisg-avt-0068/494ce8dce2df14c1b3bd5d007ebc1de7~tplv-tiktokx-cropcenter:720:720.jpeg?dr=14579&refresh_token=d13939e7&x-expires=1761789600&x-signature=d4DfKvM39qweZ2EBqEbilRpiUHU%3D&t=4d5b0474&ps=13740610&shp=a5d48078&shcp=81f88b70&idc=my",,"1039","137700","0","0","1900000","7495941339865072656","meowtoptop99","Meow TÓPTÓP","https://p9-sign-sg.tiktokcdn.com/tos-alisg-avt-0068/494ce8dce2df14c1b3bd5d007ebc1de7~tplv-tiktokx-cropcenter:720:720.jpeg?dr=14579&refresh_token=d13939e7&x-expires=1761789600&x-signature=d4DfKvM39qweZ2EBqEbilRpiUHU%3D&t=4d5b0474&ps=13740610&shp=a5d48078&shcp=81f88b70&idc=my","false","https://www.tiktok.com/@meowtoptop99","Mèo đăng chứ tui không biết gì hết 😽","false","223","20300","4809","1745831292","2025-04-28T09:08:12.000Z","328900","2855552157","Belle","0","361025088","SHAKE HEAD V27","0","2285041657","Retro Vibes","0","meo","xuhuong","giaitri",,,"7498288274008575250","xuhuong","false","false","false","false","Asia","","1576069","1562822","22535865202623430","Vietnam","https://p9-sign-sg.tiktokcdn.com/tos-alisg-avt-0068/33155eb2ba47b36e19ad48eac2d7af46~tplv-tiktokx-cropcenter:720:720.jpeg?dr=14579&refresh_token=7127c6c5&x-expires=1761789600&x-signature=kWg8VzjarDTRGkkT2mxWf9K5IvY%3D&t=4d5b0474&ps=13740610&shp=a5d48078&shcp=81f88b70&idc=my","Ngọc Linh","6903517206592703233","Kể ra mình cũng xinh đấy chứ sao hg ai nhận ra nhờ","true","https://p9-sign-sg.tiktokcdn.com/tos-alisg-avt-0068/33155eb2ba47b36e19ad48eac2d7af46~tplv-tiktokx-cropcenter:720:720.jpeg?dr=14579&refresh_token=7127c6c5&x-expires=1761789600&x-signature=kWg8VzjarDTRGkkT2mxWf9K5IvY%3D&t=4d5b0474&ps=13740610&shp=a5d48078&shcp=81f88b70&idc=my","https://v77.tiktokcdn.com/deac417af2555cecd335e6a6cb392b2d/6901823d/video/tos/alisg/tos-alisg-v-27dcd7/4f1a029fbe74439bb9ad65f705548c7d/?a=1180&bti=ODszNWYuMDE6&ch=0&cr=0&dr=0&er=0&lr=default&cd=0%7C0%7C0%7C0&br=254&bt=127&ds=5&ft=.NpOcInz7Th3WJoPXq8Zmo&mime_type=video_mp4&qs=13&rc=Mzp1ZmVuO3A2eTMzZzU8M0BpMzp1ZmVuO3A2eTMzZzU8M0A2ZmMvLTYxZDRfLS0zMTRzYSM2ZmMvLTYxZDRfLS0zMTRzcw%3D%3D&vvpl=1&l=2025102810554447CC36B5E98EC4201389&btag=e00070000&cc=13","3100000","xuhuong","5063600000000","91300","#meo #xuhuong #giaitri ","un","https://p9-sign-sg.tiktokcdn.com/tos-alisg-p-0037/o4vdXiFIBAAPigbtOlEXwaYRI8AAEspVsB49h~tplv-tiktokx-origin.image?dr=14575&x-expires=1761789600&x-signature=1xmW%2BSTJbrM3FbNqtGBkYfbL3Dc%3D&t=4d5b0474&ps=13740610&shp=81f88b70&shcp=43f4a2f9&idc=my","480p","11","mp4","850","https://p9-sign-sg.tiktokcdn.com/tos-alisg-p-0037/o4vdXiFIBAAPigbtOlEXwaYRI8AAEspVsB49h~tplv-tiktokx-origin.image?dr=14575&x-expires=1761789600&x-signature=1xmW%2BSTJbrM3FbNqtGBkYfbL3Dc%3D&t=4d5b0474&ps=13740610&shp=81f88b70&shcp=43f4a2f9&idc=my","https://v16-webapp.tiktok.com/caab3ae7c841a100c94bb2055e339558/6902d3bc/video/tos/alisg/tos-alisg-pv-0037/295a8a4f8533497f846ca1c018a7c0ec/?a=1988&bti=ODszNWYuMDE6&ch=0&cr=3&dr=0&lr=all&cd=0%7C0%7C0%7C&br=6568&bt=3284&cs=0&ds=2&ft=-Elcom7nPD12NmvWud-UxF~FaY6e3wv25McAp&mime_type=video_mp4&qs=13&rc=cnF8b2hsc2d3SkBwaHIxaDFybndmMzg1bHY5cnVuMzMzODczNEBpMzg1bHY5cnVuMzMzODczNEBjRl5Nc3FePmJKYSNvYF90aHFmOiM0bTRqMmRrXjRhLS1kMTFzYSM0bTRqMmRrXjRhLS1kMTFzcw%3D%3D&l=2025102810554447CC36B5E98EC4201389&btag=e00070000","vie-VN","ASR","automatic speech recognition","https://v16-webapp.tiktok.com/caab3ae7c841a100c94bb2055e339558/6902d3bc/video/tos/alisg/tos-alisg-pv-0037/295a8a4f8533497f846ca1c018a7c0ec/?a=1988&bti=ODszNWYuMDE6&ch=0&cr=3&dr=0&lr=all&cd=0%7C0%7C0%7C&br=6568&bt=3284&cs=0&ds=2&ft=-Elcom7nPD12NmvWud-UxF~FaY6e3wv25McAp&mime_type=video_mp4&qs=13&rc=cnF8b2hsc2d3SkBwaHIxaDFybndmMzg1bHY5cnVuMzMzODczNEBpMzg1bHY5cnVuMzMzODczNEBjRl5Nc3FePmJKYSNvYF90aHFmOiM0bTRqMmRrXjRhLS1kMTFzYSM0bTRqMmRrXjRhLS1kMTFzcw%3D%3D&l=2025102810554447CC36B5E98EC4201389&btag=e00070000","1:whisper_lid","https://v16-webapp.tiktok.com/97dfbfc62a85885f7f90776db987609e/6902d3bc/video/tos/alisg/tos-alisg-pv-0037/39fb38a76e7f4ff5a8c3ceeb0220b2d1/?a=1988&bti=ODszNWYuMDE6&ch=0&cr=3&dr=0&lr=all&cd=0%7C0%7C0%7C&br=6568&bt=3284&cs=0&ds=2&ft=-Elcom7nPD12NmvWud-UxF~FaY6e3wv25McAp&mime_type=video_mp4&qs=13&rc=cnF8b2hsc2d3SkBwaHIxaDFybndmMzg1bHY5cnVuMzMzODczNEBpMzg1bHY5cnVuMzMzODczNEBjRl5Nc3FePmJKYSNvYF90aHFmOiM0bTRqMmRrXjRhLS1kMTFzYSM0bTRqMmRrXjRhLS1kMTFzcw%3D%3D&l=2025102810554447CC36B5E98EC4201389&btag=e00070000","eng-US","MT","machine translation","https://v16-webapp.tiktok.com/97dfbfc62a85885f7f90776db987609e/6902d3bc/video/tos/alisg/tos-alisg-pv-0037/39fb38a76e7f4ff5a8c3ceeb0220b2d1/?a=1988&bti=ODszNWYuMDE6&ch=0&cr=3&dr=0&lr=all&cd=0%7C0%7C0%7C&br=6568&bt=3284&cs=0&ds=2&ft=-Elcom7nPD12NmvWud-UxF~FaY6e3wv25McAp&mime_type=video_mp4&qs=13&rc=cnF8b2hsc2d3SkBwaHIxaDFybndmMzg1bHY5cnVuMzMzODczNEBpMzg1bHY5cnVuMzMzODczNEBjRl5Nc3FePmJKYSNvYF90aHFmOiM0bTRqMmRrXjRhLS1kMTFzYSM0bTRqMmRrXjRhLS1kMTFzcw%3D%3D&l=2025102810554447CC36B5E98EC4201389&btag=e00070000","4","480","https://www.tiktok.com/@meowtoptop99/video/7498288274008575250"
"https://p16-sign-sg.tiktokcdn.com/tos-alisg-avt-0068/584602d6d182d768fc09fb673e84531a~tplv-tiktokx-cropcenter:720:720.jpeg?dr=14579&refresh_token=d5a24d4e&x-expires=1761789600&x-signature=%2FLbRF2ThbyUo%2B7Zl34HBSoFKBu0%3D&t=4d5b0474&ps=13740610&shp=a5d48078&shcp=81f88b70&idc=my",,"780","334700","40","0","5000000","7358441131170087952","nhythanh_04","Thanh Nhi","https://p16-sign-sg.tiktokcdn.com/tos-alisg-avt-0068/584602d6d182d768fc09fb673e84531a~tplv-tiktokx-cropcenter:720:720.jpeg?dr=14579&refresh_token=d5a24d4e&x-expires=1761789600&x-signature=%2FLbRF2ThbyUo%2B7Zl34HBSoFKBu0%3D&t=4d5b0474&ps=13740610&shp=a5d48078&shcp=81f88b70&idc=my","false","https://www.tiktok.com/@nhythanh_04","💌CallmeNhi.jobs@gmail.com
💌Ig | fb: Phanva_vye
Lẩu thập cẩm  @Nhi Nhi
Link fb bên dưới 🎀","false","124","2592","134","1761558206","2025-10-27T09:43:26.000Z","29200","2855552157","Belle","0","361025088","SHAKE HEAD V27","0","2285041657","Retro Vibes","0","tiktokdancevn","viral","xuhuong","fyp",,"7565834865657105684","xuhuong","false","false","false","false",,,,,,,"https://p16-sign-sg.tiktokcdn.com/tos-alisg-avt-0068/7d8c6d7a4f8e90638cee1faea9cd42c1~tplv-tiktokx-cropcenter:720:720.jpeg?dr=14579&refresh_token=e909815d&x-expires=1761789600&x-signature=U8iWDRIPCcNTc9p5mJIUGmb5ns0%3D&t=4d5b0474&ps=13740610&shp=a5d48078&shcp=81f88b70&idc=my","马虎","7541948502063434513","សំឡេងដើម - 君乐寳.","true","https://p16-sign-sg.tiktokcdn.com/tos-alisg-avt-0068/7d8c6d7a4f8e90638cee1faea9cd42c1~tplv-tiktokx-cropcenter:720:720.jpeg?dr=14579&refresh_token=e909815d&x-expires=1761789600&x-signature=U8iWDRIPCcNTc9p5mJIUGmb5ns0%3D&t=4d5b0474&ps=13740610&shp=a5d48078&shcp=81f88b70&idc=my","https://v77.tiktokcdn.com/e54d94a3aab047fa8c9a6b3fcc524fe9/6901823c/video/tos/alisg/tos-alisg-v-27dcd7/owCVoEaEBqFETAY3wifjBVAADiZmA0AKm7sE1q/?a=1180&bti=ODszNWYuMDE6&ch=0&cr=0&dr=0&er=0&lr=default&cd=0%7C0%7C0%7C0&br=250&bt=125&ds=5&ft=.NpOcInz7Th3WJoPXq8Zmo&mime_type=audio_mpeg&qs=13&rc=M3E7c3U5cmc5NTMzODU8NEBpM3E7c3U5cmc5NTMzODU8NEBqNGlgMmRjMWlhLS1kMS1zYSNqNGlgMmRjMWlhLS1kMS1zcw%3D%3D&vvpl=1&l=2025102810554447CC36B5E98EC4201389&btag=e00070000&cc=13","160100","xuhuong","5063600000000","2994","Trend này còn hot hong ạ:))
#tiktokdancevn #viral #xuhuong #fyp ","vi","https://p16-sign-sg.tiktokcdn.com/tos-alisg-p-0037/o8IGdRQfYH3h7BGeFAe0LsAQD1QKsxHbGnfjPR~tplv-tiktokx-origin.image?dr=14575&x-expires=1761789600&x-signature=U3umIpoJtmHMTvRygyC9Dv%2F9HxE%3D&t=4d5b0474&ps=13740610&shp=81f88b70&shcp=43f4a2f9&idc=my","540p","11","mp4","1024","https://p16-sign-sg.tiktokcdn.com/tos-alisg-p-0037/o8IGdRQfYH3h7BGeFAe0LsAQD1QKsxHbGnfjPR~tplv-tiktokx-origin.image?dr=14575&x-expires=1761789600&x-signature=U3umIpoJtmHMTvRygyC9Dv%2F9HxE%3D&t=4d5b0474&ps=13740610&shp=81f88b70&shcp=43f4a2f9&idc=my",,,,,,,,,,,,,"576","https://www.tiktok.com/@nhythanh_04/video/7565834865657105684"
"https://p16-sign-sg.tiktokcdn.com/tos-alisg-avt-0068/839e3fac2a8f1d0a3f8e04058aefb49d~tplv-tiktokx-cropcenter:720:720.jpeg?dr=14579&refresh_token=f6aa93ac&x-expires=1761789600&x-signature=LOT7rhtdvp8BX6SL8eQYKK%2FTiI4%3D&t=4d5b0474&ps=13740610&shp=a5d48078&shcp=81f88b70&idc=my",,"271","2058","0","0","918400","7275342290372838401","huhuhu.71","abcxyz","https://p16-sign-sg.tiktokcdn.com/tos-alisg-avt-0068/839e3fac2a8f1d0a3f8e04058aefb49d~tplv-tiktokx-cropcenter:720:720.jpeg?dr=14579&refresh_token=f6aa93ac&x-expires=1761789600&x-signature=LOT7rhtdvp8BX6SL8eQYKK%2FTiI4%3D&t=4d5b0474&ps=13740610&shp=a5d48078&shcp=81f88b70&idc=my","false","https://www.tiktok.com/@huhuhu.71","chữa lành sau 1 ngày dài 💤","false","6","15400","1669","1755575876","2025-08-19T03:57:56.000Z","369800","2855552157","Belle","0","361025088","SHAKE HEAD V27","0","2285041657","Retro Vibes","0","viral","fypシ゚viral","xuhuong","meo",,"7540140934764449042","xuhuong","false","false","false","false",,,,,,,"https://p16-sign-sg.tiktokcdn.com/tos-alisg-avt-0068/0fce41becb5b79d984a188be99e32ba9~tplv-tiktokx-cropcenter:720:720.jpeg?dr=14579&refresh_token=5adb5be7&x-expires=1761789600&x-signature=KvzX2fK9K6tkDSYlqOBkXsfEliw%3D&t=4d5b0474&ps=13740610&shp=a5d48078&shcp=81f88b70&idc=my","Color of Memory","7530493393911204624","nhạc nền - Color of Memory","true","https://p16-sign-sg.tiktokcdn.com/tos-alisg-avt-0068/0fce41becb5b79d984a188be99e32ba9~tplv-tiktokx-cropcenter:720:720.jpeg?dr=14579&refresh_token=5adb5be7&x-expires=1761789600&x-signature=KvzX2fK9K6tkDSYlqOBkXsfEliw%3D&t=4d5b0474&ps=13740610&shp=a5d48078&shcp=81f88b70&idc=my","https://v77.tiktokcdn.com/044a69d0fd4fb3c9de5e8c7a8daff5d5/69018243/video/tos/alisg/tos-alisg-v-27dcd7/okgtIa9EPGMIiA5iulBzvAY2iAUABCrDCtAdE/?a=1180&bti=ODszNWYuMDE6&ch=0&cr=0&dr=0&er=0&lr=default&cd=0%7C0%7C0%7C0&br=250&bt=125&ds=5&ft=.NpOcInz7Th3WJoPXq8Zmo&mime_type=audio_mpeg&qs=13&rc=M3ducm05cnB0NTMzODU8NEBpM3ducm05cnB0NTMzODU8NEAzZGlqMmQ0cy1hLS1kMS1zYSMzZGlqMmQ0cy1hLS1kMS1zcw%3D%3D&vvpl=1&l=2025102810554447CC36B5E98EC4201389&btag=e00078000&cc=13","2500000","xuhuong","5063600000000","88300","👀 #viral #fypシ゚viral #xuhuong #meo ","un","https://p9-sign-sg.tiktokcdn.com/tos-alisg-p-0037/o0kRIeejsAcGGveQGQmIA7FQ9GjLQBxGiuweK6~tplv-tiktokx-origin.image?dr=14575&x-expires=1761789600&x-signature=3biLTHSbnUeRSxKM8id5pveiEbM%3D&t=4d5b0474&ps=13740610&shp=81f88b70&shcp=43f4a2f9&idc=my","540p","14","mp4","1024","https://p9-sign-sg.tiktokcdn.com/tos-alisg-p-0037/o0kRIeejsAcGGveQGQmIA7FQ9GjLQBxGiuweK6~tplv-tiktokx-origin.image?dr=14575&x-expires=1761789600&x-signature=3biLTHSbnUeRSxKM8id5pveiEbM%3D&t=4d5b0474&ps=13740610&shp=81f88b70&shcp=43f4a2f9&idc=my","https://v16-webapp.tiktok.com/b38ffbfc2436b332bb35364ea443d333/6902d3bf/video/tos/alisg/tos-alisg-pv-0037/72c97c4669ae4066a620908f341d9c31/?a=1988&bti=ODszNWYuMDE6&ch=0&cr=3&dr=0&lr=all&cd=0%7C0%7C0%7C&cv=1&br=16962&bt=8481&ds=4&ft=-Elcom7nPD12NmvWud-UxF~FaY6e3wv25McAp&mime_type=video_mp4&qs=13&rc=M3E0anM5cjp5NTMzODczNEBpM3E0anM5cjp5NTMzODczNEAvYG1rMmRjYGVhLS1kMTFzYSMvYG1rMmRjYGVhLS1kMTFzcw%3D%3D&l=2025102810554447CC36B5E98EC4201389&btag=e00070000","vie-VN","ASR","automatic speech recognition","https://v16-webapp.tiktok.com/b38ffbfc2436b332bb35364ea443d333/6902d3bf/video/tos/alisg/tos-alisg-pv-0037/72c97c4669ae4066a620908f341d9c31/?a=1988&bti=ODszNWYuMDE6&ch=0&cr=3&dr=0&lr=all&cd=0%7C0%7C0%7C&cv=1&br=16962&bt=8481&ds=4&ft=-Elcom7nPD12NmvWud-UxF~FaY6e3wv25McAp&mime_type=video_mp4&qs=13&rc=M3E0anM5cjp5NTMzODczNEBpM3E0anM5cjp5NTMzODczNEAvYG1rMmRjYGVhLS1kMTFzYSMvYG1rMmRjYGVhLS1kMTFzcw%3D%3D&l=2025102810554447CC36B5E98EC4201389&btag=e00070000","1:whisper_lid","https://v16-webapp.tiktok.com/b0cf775360139c336a9ed1174601c32d/6902d3bf/video/tos/alisg/tos-alisg-pv-0037/c71e323aebca4dcd8840cef4eb63bce0/?a=1988&bti=ODszNWYuMDE6&ch=0&cr=3&dr=0&lr=all&cd=0%7C0%7C0%7C&cv=1&br=16962&bt=8481&ds=4&ft=-Elcom7nPD12NmvWud-UxF~FaY6e3wv25McAp&mime_type=video_mp4&qs=13&rc=M3E0anM5cjp5NTMzODczNEBpM3E0anM5cjp5NTMzODczNEAvYG1rMmRjYGVhLS1kMTFzYSMvYG1rMmRjYGVhLS1kMTFzcw%3D%3D&l=2025102810554447CC36B5E98EC4201389&btag=e00070000","eng-US","MT","machine translation","https://v16-webapp.tiktok.com/b0cf775360139c336a9ed1174601c32d/6902d3bf/video/tos/alisg/tos-alisg-pv-0037/c71e323aebca4dcd8840cef4eb63bce0/?a=1988&bti=ODszNWYuMDE6&ch=0&cr=3&dr=0&lr=all&cd=0%7C0%7C0%7C&cv=1&br=16962&bt=8481&ds=4&ft=-Elcom7nPD12NmvWud-UxF~FaY6e3wv25McAp&mime_type=video_mp4&qs=13&rc=M3E0anM5cjp5NTMzODczNEBpM3E0anM5cjp5NTMzODczNEAvYG1rMmRjYGVhLS1kMTFzYSMvYG1rMmRjYGVhLS1kMTFzcw%3D%3D&l=2025102810554447CC36B5E98EC4201389&btag=e00070000","4","576","https://www.tiktok.com/@huhuhu.71/video/7540140934764449042"
"https://p16-sign-sg.tiktokcdn.com/tos-alisg-avt-0068/6ad8912d157883818fe31ae7f9480281~tplv-tiktokx-cropcenter:720:720.jpeg?dr=14579&refresh_token=e31a8264&x-expires=1761789600&x-signature=vv0QqJg7IpkG0nwSduT0s%2BD1XyA%3D&t=4d5b0474&ps=13740610&shp=a5d48078&shcp=81f88b70&idc=my",,"30800","1400000","140","0","52200000","6802822222644298754","thuy_lcc","Phương Thuỳ","https://p16-sign-sg.tiktokcdn.com/tos-alisg-avt-0068/6ad8912d157883818fe31ae7f9480281~tplv-tiktokx-cropcenter:720:720.jpeg?dr=14579&refresh_token=e31a8264&x-expires=1761789600&x-signature=vv0QqJg7IpkG0nwSduT0s%2BD1XyA%3D&t=4d5b0474&ps=13740610&shp=a5d48078&shcp=81f88b70&idc=my","false","https://www.tiktok.com/@thuy_lcc","📞Dr For Work📮 IG: phuoq.thuy_
Acc phụ @Phương Thuỳ 🧸
Đồ mình dùng ở dưới🫶🏻","false","1320","1739","103","1761196992","2025-10-23T05:23:12.000Z","32600","2855552157","Belle","0","361025088","SHAKE HEAD V27","0","2285041657","Retro Vibes","0","xuhuong","fyp","love","tiktok","tiela","7564283447565438228","xuhuong","false","false","false","false",,,,,,,"https://p16-sign-sg.tiktokcdn.com/tos-alisg-avt-0068/6ad8912d157883818fe31ae7f9480281~tplv-tiktokx-cropcenter:720:720.jpeg?dr=14579&refresh_token=e31a8264&x-expires=1761789600&x-signature=vv0QqJg7IpkG0nwSduT0s%2BD1XyA%3D&t=4d5b0474&ps=13740610&shp=a5d48078&shcp=81f88b70&idc=my","Phương Thuỳ","7564283483804142357","nhạc nền - Phương Thuỳ","true","https://p16-sign-sg.tiktokcdn.com/tos-alisg-avt-0068/6ad8912d157883818fe31ae7f9480281~tplv-tiktokx-cropcenter:720:720.jpeg?dr=14579&refresh_token=e31a8264&x-expires=1761789600&x-signature=vv0QqJg7IpkG0nwSduT0s%2BD1XyA%3D&t=4d5b0474&ps=13740610&shp=a5d48078&shcp=81f88b70&idc=my","https://v77.tiktokcdn.com/4ae7235419e6e23cb1ea6f5212690158/69018240/video/tos/alisg/tos-alisg-v-27dcd7/o0avEg9OBDE8uVAGAbFfDTRADotA3CweExfh5E/?a=1180&bti=ODszNWYuMDE6&ch=0&cr=0&dr=0&er=0&lr=default&cd=0%7C0%7C0%7C0&br=250&bt=125&ds=5&ft=.NpOcInz7Th3WJoPXq8Zmo&mime_type=audio_mpeg&qs=13&rc=anE5OHk5cmp1NjMzODU8NEBpanE5OHk5cmp1NjMzODU8NEByb2I0MmRja3BhLS1kMS1zYSNyb2I0MmRja3BhLS1kMS1zcw%3D%3D&vvpl=1&l=2025102810554447CC36B5E98EC4201389&btag=e00078000&cc=13","249600","xuhuong","5063600000000","1587","Ước muốn lớn nhất    #xuhuong #fyp #love #tiktok #tiela ","vi","https://p9-sign-sg.tiktokcdn.com/tos-alisg-p-0037/os7I5iv4aDvYj0LEmaIlAREAABAwP5Xtu7AiB~tplv-tiktokx-origin.image?dr=14575&x-expires=1761789600&x-signature=0lN%2BFGv3g5u6XVbCHupIEHgJm90%3D&t=4d5b0474&ps=13740610&shp=81f88b70&shcp=43f4a2f9&idc=my","540p","15","mp4","1024","https://p9-sign-sg.tiktokcdn.com/tos-alisg-p-0037/os7I5iv4aDvYj0LEmaIlAREAABAwP5Xtu7AiB~tplv-tiktokx-origin.image?dr=14575&x-expires=1761789600&x-signature=0lN%2BFGv3g5u6XVbCHupIEHgJm90%3D&t=4d5b0474&ps=13740610&shp=81f88b70&shcp=43f4a2f9&idc=my",,,,,,,,,,,,,"576","https://www.tiktok.com/@thuy_lcc/video/7564283447565438228"
"https://p16-sign-sg.tiktokcdn.com/tos-alisg-avt-0068/73de1549ad0fdd8e57c1fa29554fc4f8~tplv-tiktokx-cropcenter:720:720.jpeg?dr=14579&refresh_token=e1070613&x-expires=1761789600&x-signature=gNtYukRYIeYS183U8PATYMxatcE%3D&t=4d5b0474&ps=13740610&shp=a5d48078&shcp=81f88b70&idc=my",,"2988","147800","39","0","2500000","7057222684589343771","xuanphuong_0.0","𝓧𝓾𝓪̂𝓷 𝓟𝓱𝓾̛𝓸̛𝓷𝓰🐰","https://p16-sign-sg.tiktokcdn.com/tos-alisg-avt-0068/73de1549ad0fdd8e57c1fa29554fc4f8~tplv-tiktokx-cropcenter:720:720.jpeg?dr=14579&refresh_token=e1070613&x-expires=1761789600&x-signature=gNtYukRYIeYS183U8PATYMxatcE%3D&t=4d5b0474&ps=13740610&shp=a5d48078&shcp=81f88b70&idc=my","false","https://www.tiktok.com/@xuanphuong_0.0","For work ig: xuanphuong_0.0
Acc phụ: @Thỏ đi coffee🐰
@Double🍒YenPhuong🐰","false","808","7613","438","1761041417","2025-10-21T10:10:17.000Z","60500","2855552157","Belle","0","361025088","SHAKE HEAD V27","0","2285041657","Retro Vibes","0","xuanyenxuanphuong","xuhuongtiktok","dqn","vietnamdance","dancechallenge","7563615273245232405","xuhuong","false","false","false","false",,,,,,,"https://p16-sign-sg.tiktokcdn.com/tos-alisg-avt-0068/86bd48c12e69a1966614b06af4ce7abe~tplv-tiktokx-cropcenter:720:720.jpeg?dr=14579&refresh_token=d4253455&x-expires=1761789600&x-signature=%2B7L7LDWRqHrIJR082aH%2FMjZolYc%3D&t=4d5b0474&ps=13740610&shp=a5d48078&shcp=81f88b70&idc=my","🫧 𝙏𝙧𝙖𝙣𝙜 🫧","7554935585551534864","nhạc nền - 🫧 𝙏𝙧𝙖𝙣𝙜 🫧","true","https://p16-sign-sg.tiktokcdn.com/tos-alisg-avt-0068/86bd48c12e69a1966614b06af4ce7abe~tplv-tiktokx-cropcenter:720:720.jpeg?dr=14579&refresh_token=d4253455&x-expires=1761789600&x-signature=%2B7L7LDWRqHrIJR082aH%2FMjZolYc%3D&t=4d5b0474&ps=13740610&shp=a5d48078&shcp=81f88b70&idc=my","https://v77.tiktokcdn.com/615f947be2c383f02031dfa96eeb056f/69018240/video/tos/alisg/tos-alisg-v-27dcd7/o4UbUAxEJQJf2XG6CgAIQIA2ICKoW2DbMkeBFB/?a=1180&bti=ODszNWYuMDE6&ch=0&cr=0&dr=0&er=0&lr=default&cd=0%7C0%7C0%7C0&br=250&bt=125&ds=5&ft=.NpOcInz7Th3WJoPXq8Zmo&mime_type=audio_mpeg&qs=13&rc=amdna3U5cnM7NjMzODU8NEBpamdna3U5cnM7NjMzODU8NEByajIvMmQ0X2BhLS1kMS1zYSNyajIvMmQ0X2BhLS1kMS1zcw%3D%3D&vvpl=1&l=2025102810554447CC36B5E98EC4201389&btag=e00078000&cc=13","410400","xuhuong","5063600000000","5143","Hơi mờ 😆 #xuanyenxuanphuong #xuhuongtiktok #dqn #vietnamdance #dancechallenge ","vi","https://p16-sign-va.tiktokcdn.com/tos-maliva-i-e1os8tt47a-us/e3f6e6a04baf4b7ea7b4154ef436321b~tplv-tiktokx-origin.image?dr=14575&x-expires=1761789600&x-signature=9Xabb3Y126pfbIanW1j7PDCPW18%3D&t=4d5b0474&ps=13740610&shp=81f88b70&shcp=43f4a2f9&idc=my","540p","15","mp4","1024","https://p16-sign-va.tiktokcdn.com/tos-maliva-i-e1os8tt47a-us/e3f6e6a04baf4b7ea7b4154ef436321b~tplv-tiktokx-origin.image?dr=14575&x-expires=1761789600&x-signature=9Xabb3Y126pfbIanW1j7PDCPW18%3D&t=4d5b0474&ps=13740610&shp=81f88b70&shcp=43f4a2f9&idc=my",,,,,,,,,,,,,"576","https://www.tiktok.com/@xuanphuong_0.0/video/7563615273245232405"
"https://p16-sign-sg.tiktokcdn.com/tos-alisg-avt-0068/c3a909ab944f27c538e723f4c4a937f6~tplv-tiktokx-cropcenter:720:720.jpeg?dr=14579&refresh_token=e787df56&x-expires=1761789600&x-signature=fbhF8NQ84vVKfpl9StE4oYFVsa0%3D&t=4d5b0474&ps=13740610&shp=a5d48078&shcp=81f88b70&idc=my",,"2567","11200","677","0","892700","7542695106915255314","o.caree","清婉_Qīng Wǎn","https://p16-sign-sg.tiktokcdn.com/tos-alisg-avt-0068/c3a909ab944f27c538e723f4c4a937f6~tplv-tiktokx-cropcenter:720:720.jpeg?dr=14579&refresh_token=e787df56&x-expires=1761789600&x-signature=fbhF8NQ84vVKfpl9StE4oYFVsa0%3D&t=4d5b0474&ps=13740610&shp=a5d48078&shcp=81f88b70&idc=my","false","https://www.tiktok.com/@o.caree","Welcome to my page!
Chéo fl ➡️ inbox tui nha🤩
<HẦU HẾT NGUỒN VIDEO TỪ DOUYIN>","false","448","32600","1536","1761131663","2025-10-22T11:14:23.000Z","559000","2855552157","Belle","0","361025088","SHAKE HEAD V27","0","2285041657","Retro Vibes","0","xuhuong","fyp","douyin","trending",,"7564002872845815048","xuhuong","false","false","false","false",,,,,,,"https://p16-sign-sg.tiktokcdn.com/tos-alisg-avt-0068/c3a909ab944f27c538e723f4c4a937f6~tplv-tiktokx-cropcenter:720:720.jpeg?dr=14579&refresh_token=e787df56&x-expires=1761789600&x-signature=fbhF8NQ84vVKfpl9StE4oYFVsa0%3D&t=4d5b0474&ps=13740610&shp=a5d48078&shcp=81f88b70&idc=my","清婉_Qīng Wǎn","7564002898087070465","nhạc nền - Caree","true","https://p16-sign-sg.tiktokcdn.com/tos-alisg-avt-0068/c3a909ab944f27c538e723f4c4a937f6~tplv-tiktokx-cropcenter:720:720.jpeg?dr=14579&refresh_token=e787df56&x-expires=1761789600&x-signature=fbhF8NQ84vVKfpl9StE4oYFVsa0%3D&t=4d5b0474&ps=13740610&shp=a5d48078&shcp=81f88b70&idc=my","https://v77.tiktokcdn.com/a56ea595756990063b4771ddcfecb7de/69018241/video/tos/alisg/tos-alisg-v-27dcd7/oQPTGIA2QuRAGXoSQCiAvgLAZ8gBeDeXNfENkj/?a=1180&bti=ODszNWYuMDE6&ch=0&cr=0&dr=0&er=0&lr=default&cd=0%7C0%7C0%7C0&br=250&bt=125&ds=5&ft=.NpOcInz7Th3WJoPXq8Zmo&mime_type=audio_mpeg&qs=13&rc=M2Vwc205cjdlNjMzODU8NEBpM2Vwc205cjdlNjMzODU8NEBwMGdhMmRjbXBhLS1kMS1zYSNwMGdhMmRjbXBhLS1kMS1zcw%3D%3D&vvpl=1&l=2025102810554447CC36B5E98EC4201389&btag=e00078000&cc=13","4200000","xuhuong","5063600000000","37100","#xuhuong #fyp #douyin #trending ","un","https://p16-sign-sg.tiktokcdn.com/tos-alisg-p-0037/oIh1ijTRlFv3pAGzBpAAfugGIeY5e4Eeh4YHRQ~tplv-tiktokx-origin.image?dr=14575&x-expires=1761789600&x-signature=tPvfz0uFOtEMn2Ksd5Fjc6B3jAs%3D&t=4d5b0474&ps=13740610&shp=81f88b70&shcp=43f4a2f9&idc=my","540p","16","mp4","576","https://p16-sign-sg.tiktokcdn.com/tos-alisg-p-0037/oIh1ijTRlFv3pAGzBpAAfugGIeY5e4Eeh4YHRQ~tplv-tiktokx-origin.image?dr=14575&x-expires=1761789600&x-signature=tPvfz0uFOtEMn2Ksd5Fjc6B3jAs%3D&t=4d5b0474&ps=13740610&shp=81f88b70&shcp=43f4a2f9&idc=my",,,,,,,,,,,,,"960","https://www.tiktok.com/@o.caree/video/7564002872845815048"
"https://p16-sign-sg.tiktokcdn.com/tos-alisg-avt-0068/b4d4b8fed6880f596264343b553ab34f~tplv-tiktokx-cropcenter:720:720.jpeg?dr=14579&refresh_token=37f9e59c&x-expires=1761789600&x-signature=19YKNmxPGdSvxiwAknycRMBTGz0%3D&t=4d5b0474&ps=13740610&shp=a5d48078&shcp=81f88b70&idc=my",,"5096","659000","30","0","11300000","7234491697492083718","hinthor03","Hùng","https://p16-sign-sg.tiktokcdn.com/tos-alisg-avt-0068/b4d4b8fed6880f596264343b553ab34f~tplv-tiktokx-cropcenter:720:720.jpeg?dr=14579&refresh_token=37f9e59c&x-expires=1761789600&x-signature=19YKNmxPGdSvxiwAknycRMBTGz0%3D&t=4d5b0474&ps=13740610&shp=a5d48078&shcp=81f88b70&idc=my","false","https://www.tiktok.com/@hinthor03","Booking: 092.354.2582 (Mr.Yuno)
hinthor03@gmail.com","false","229","5941","234","1758172945","2025-09-18T05:22:25.000Z","49600","2855552157","Belle","0","361025088","SHAKE HEAD V27","0","2285041657","Retro Vibes","0",,,,,,"7551295195191446801","xuhuong","false","false","false","false",,,,,,,"https://p16-sign-sg.tiktokcdn.com/tos-alisg-avt-0068/151edc3898a94b7e856d704b4ac91c17~tplv-tiktokx-cropcenter:720:720.jpeg?dr=14579&refresh_token=490b7176&x-expires=1761789600&x-signature=otg4ZFN5%2FJ5kG%2BMD2aIT6hcfgwU%3D&t=4d5b0474&ps=13740610&shp=a5d48078&shcp=81f88b70&idc=my","Dj Moss","7525628952161946369","เสียงต้นฉบับ - Dj Moss","true","https://p16-sign-sg.tiktokcdn.com/tos-alisg-avt-0068/151edc3898a94b7e856d704b4ac91c17~tplv-tiktokx-cropcenter:720:720.jpeg?dr=14579&refresh_token=490b7176&x-expires=1761789600&x-signature=otg4ZFN5%2FJ5kG%2BMD2aIT6hcfgwU%3D&t=4d5b0474&ps=13740610&shp=a5d48078&shcp=81f88b70&idc=my","https://v77.tiktokcdn.com/5f04b7efc8935b4a69e68f0c2e037fc0/69018328/video/tos/alisg/tos-alisg-v-27dcd7/o80AAP0EwmIBbAFZwUo6DfiviKBEBAO3n9vhAE/?a=1180&bti=ODszNWYuMDE6&ch=0&cr=0&dr=0&er=0&lr=default&cd=0%7C0%7C0%7C0&br=250&bt=125&ds=5&ft=.NpOcInz7Th3WJoPXq8Zmo&mime_type=audio_mpeg&qs=13&rc=ajtwc3E5cmQ5NDMzODU8NEBpajtwc3E5cmQ5NDMzODU8NEBycmRkMmRjY2xhLS1kMS1zYSNycmRkMmRjY2xhLS1kMS1zcw%3D%3D&vvpl=1&l=2025102810554447CC36B5E98EC4201389&btag=e00058000&cc=13","397700","xuhuong","5063600000000","3046","Xu hướng Thái Lan 🤪","vi","https://p16-sign-va.tiktokcdn.com/tos-maliva-i-e1os8tt47a-us/2703600091d54f99ada945982a84beda~tplv-tiktokx-origin.image?dr=14575&x-expires=1761789600&x-signature=84wFFA8tZebgJ2U9MDewnFcm7xc%3D&t=4d5b0474&ps=13740610&shp=81f88b70&shcp=43f4a2f9&idc=my","540p","14","mp4","1022","https://p16-sign-va.tiktokcdn.com/tos-maliva-i-e1os8tt47a-us/2703600091d54f99ada945982a84beda~tplv-tiktokx-origin.image?dr=14575&x-expires=1761789600&x-signature=84wFFA8tZebgJ2U9MDewnFcm7xc%3D&t=4d5b0474&ps=13740610&shp=81f88b70&shcp=43f4a2f9&idc=my",,,,,,,,,,,,,"576","https://www.tiktok.com/@hinthor03/video/7551295195191446801"
"https://p16-sign-sg.tiktokcdn.com/tos-alisg-avt-0068/bcea80e06418e5d1cd03c6198da9b66e~tplv-tiktokx-cropcenter:720:720.jpeg?dr=14579&refresh_token=11b5d52a&x-expires=1761789600&x-signature=7uckw2nWthJ66IyWdCjdckDyitY%3D&t=4d5b0474&ps=13740610&shp=a5d48078&shcp=81f88b70&idc=my",,"4824","19200","1332","0","110300","6959757539841131521","hisino_5","hi si no 5🤌","https://p16-sign-sg.tiktokcdn.com/tos-alisg-avt-0068/bcea80e06418e5d1cd03c6198da9b66e~tplv-tiktokx-cropcenter:720:720.jpeg?dr=14579&refresh_token=11b5d52a&x-expires=1761789600&x-signature=7uckw2nWthJ66IyWdCjdckDyitY%3D&t=4d5b0474&ps=13740610&shp=a5d48078&shcp=81f88b70&idc=my","false","https://www.tiktok.com/@hisino_5","có duyên mơi găp nhau a chi em tương tác bai qua lai cho then ban them vui a","false","23","1221","0","1761282816","2025-10-24T05:13:36.000Z","10200","2855552157","Belle","0","361025088","SHAKE HEAD V27","0","2285041657","Retro Vibes","0","xuhướng","giaitritiktok",,,,"7564652065826376981","xuhuong","false","false","false","false",,,,,,,"https://p16-sign-sg.tiktokcdn.com/tos-alisg-avt-0068/bcea80e06418e5d1cd03c6198da9b66e~tplv-tiktokx-cropcenter:720:720.jpeg?dr=14579&refresh_token=11b5d52a&x-expires=1761789600&x-signature=7uckw2nWthJ66IyWdCjdckDyitY%3D&t=4d5b0474&ps=13740610&shp=a5d48078&shcp=81f88b70&idc=my","hi si no 5🤌","7564652102841010961","nhạc nền - hi si no 5🤌","true","https://p16-sign-sg.tiktokcdn.com/tos-alisg-avt-0068/bcea80e06418e5d1cd03c6198da9b66e~tplv-tiktokx-cropcenter:720:720.jpeg?dr=14579&refresh_token=11b5d52a&x-expires=1761789600&x-signature=7uckw2nWthJ66IyWdCjdckDyitY%3D&t=4d5b0474&ps=13740610&shp=a5d48078&shcp=81f88b70&idc=my","https://v77.tiktokcdn.com/62deffbe3009fa1e5e5c9d825ae531af/6901826b/video/tos/alisg/tos-alisg-v-27dcd7/oQMsEAgDRCCiW0EFEAAw7EEZoDe7feIAUTEwDC/?a=1180&bti=ODszNWYuMDE6&ch=0&cr=0&dr=0&er=0&lr=default&cd=0%7C0%7C0%7C0&br=250&bt=125&ds=5&ft=.NpOcInz7Th3WJoPXq8Zmo&mime_type=audio_mpeg&qs=13&rc=M3ByZGs5cjNqNjMzODU8NEBpM3ByZGs5cjNqNjMzODU8NEAzNWczMmRranFhLS1kMS1zYSMzNWczMmRranFhLS1kMS1zcw%3D%3D&vvpl=1&l=2025102810554447CC36B5E98EC4201389&btag=e00048000&cc=13","46300","xuhuong","5063600000000","1650","#xuhướng #giaitritiktok ","un","https://p16-sign-sg.tiktokcdn.com/tos-alisg-p-0037/o4vDEyF6Wao0APR7DADAIreejZRACCXIawE3fI~tplv-tiktokx-origin.image?dr=14575&x-expires=1761789600&x-signature=kX5h%2B6Td3GM39bOxaw2yeHegYi8%3D&t=4d5b0474&ps=13740610&shp=81f88b70&shcp=43f4a2f9&idc=my","480p","58","mp4","854","https://p16-sign-sg.tiktokcdn.com/tos-alisg-p-0037/o4vDEyF6Wao0APR7DADAIreejZRACCXIawE3fI~tplv-tiktokx-origin.image?dr=14575&x-expires=1761789600&x-signature=kX5h%2B6Td3GM39bOxaw2yeHegYi8%3D&t=4d5b0474&ps=13740610&shp=81f88b70&shcp=43f4a2f9&idc=my",,,,,,,,,,,,,"480","https://www.tiktok.com/@hisino_5/video/7564652065826376981"
"https://p16-sign-sg.tiktokcdn.com/tos-alisg-avt-0068/b39c09c02c2a8a3a0491c3e63baa9811~tplv-tiktokx-cropcenter:720:720.jpeg?dr=14579&refresh_token=7b1d6c27&x-expires=1761789600&x-signature=Eu0z%2BxO%2BTGc7ITj3ijCE7hXtOpw%3D&t=4d5b0474&ps=13740610&shp=a5d48078&shcp=81f88b70&idc=my",,"5786","199900","19","0","3300000","6716135821852574721","vthcam_","𝘾𝙖́𝙢🤍","https://p16-sign-sg.tiktokcdn.com/tos-alisg-avt-0068/b39c09c02c2a8a3a0491c3e63baa9811~tplv-tiktokx-cropcenter:720:720.jpeg?dr=14579&refresh_token=7b1d6c27&x-expires=1761789600&x-signature=Eu0z%2BxO%2BTGc7ITj3ijCE7hXtOpw%3D&t=4d5b0474&ps=13740610&shp=a5d48078&shcp=81f88b70&idc=my","false","https://www.tiktok.com/@vthcam_","@𝙇𝙖̣𝙞 𝙡𝙖̀ 𝙘𝙤𝙣 𝘾𝙖́𝙢🤍 
iG: 𝙫𝙩𝙝𝙘𝙖𝙢_𝟮𝟵
ForWork:
☎️: @32.956.1213","false","271","1561","78","1761453908","2025-10-26T04:45:08.000Z","21300","2855552157","Belle","0","361025088","SHAKE HEAD V27","0","2285041657","Retro Vibes","0","nhảytrend","xuhuong",,,,"7565386907572604181","xuhuong","false","false","false","false",,,,,,,"https://p16-sign-va.tiktokcdn.com/tos-maliva-avt-0068/67c5433a2855b59ea3d9119157a2e5ea~tplv-tiktokx-cropcenter:720:720.jpeg?dr=14579&refresh_token=3cc773fa&x-expires=1761789600&x-signature=%2BKYLoys%2FjYOICQHWPvzjdCOm%2FEI%3D&t=4d5b0474&ps=13740610&shp=a5d48078&shcp=81f88b70&idc=my","NGUYỄN VINH 🍗","7558792865309444865","Ước muốn của Vinh","true","https://p16-sign-va.tiktokcdn.com/tos-maliva-avt-0068/67c5433a2855b59ea3d9119157a2e5ea~tplv-tiktokx-cropcenter:720:720.jpeg?dr=14579&refresh_token=3cc773fa&x-expires=1761789600&x-signature=%2BKYLoys%2FjYOICQHWPvzjdCOm%2FEI%3D&t=4d5b0474&ps=13740610&shp=a5d48078&shcp=81f88b70&idc=my","https://v77.tiktokcdn.com/5836126ebc89cad120bb555d44c514fe/69018240/video/tos/alisg/tos-alisg-v-27dcd7/oAAyaPcAEiOlAYDOrYhcAm5UBAECnD6Ct4Eoi/?a=1180&bti=ODszNWYuMDE6&ch=0&cr=0&dr=0&er=0&lr=default&cd=0%7C0%7C0%7C0&br=250&bt=125&ds=5&ft=.NpOcInz7Th3WJoPXq8Zmo&mime_type=audio_mpeg&qs=13&rc=MzZ4ZWw5cjc2NjMzODU8NEBpMzZ4ZWw5cjc2NjMzODU8NEBiZGBiMmQ0aGdhLS1kMS1zYSNiZGBiMmQ0aGdhLS1kMS1zcw%3D%3D&vvpl=1&l=2025102810554447CC36B5E98EC4201389&btag=e00078000&cc=13","128600","xuhuong","5063600000000","717","so beautiful ✨#nhảytrend #xuhuong ","en","https://p16-sign-sg.tiktokcdn.com/tos-alisg-p-0037/oAbBO1BTiSOHfp90hRMlABaEO3uEIcBfgot3ti~tplv-tiktokx-origin.image?dr=14575&x-expires=1761789600&x-signature=Quc9jEaPd1WL3pcG0%2BqMZqCSKFw%3D&t=4d5b0474&ps=13740610&shp=81f88b70&shcp=43f4a2f9&idc=my","540p","15","mp4","1024","https://p16-sign-sg.tiktokcdn.com/tos-alisg-p-0037/oAbBO1BTiSOHfp90hRMlABaEO3uEIcBfgot3ti~tplv-tiktokx-origin.image?dr=14575&x-expires=1761789600&x-signature=Quc9jEaPd1WL3pcG0%2BqMZqCSKFw%3D&t=4d5b0474&ps=13740610&shp=81f88b70&shcp=43f4a2f9&idc=my",,,,,,,,,,,,,"576","https://www.tiktok.com/@vthcam_/video/7565386907572604181"
"https://p9-sign-sg.tiktokcdn.com/tos-alisg-avt-0068/219e746b1c4cf5ec1689a2c29fa081b8~tplv-tiktokx-cropcenter:720:720.jpeg?dr=14579&refresh_token=0f16671f&x-expires=1761789600&x-signature=IKORNnp2Y1u41wkri9p2dlMmDLk%3D&t=4d5b0474&ps=13740610&shp=a5d48078&shcp=81f88b70&idc=my",,"16300","2000000","402","0","28500000","6526423090891980801","dothuyquynh999","Quỳnh Moon 🌙","https://p9-sign-sg.tiktokcdn.com/tos-alisg-avt-0068/219e746b1c4cf5ec1689a2c29fa081b8~tplv-tiktokx-cropcenter:720:720.jpeg?dr=14579&refresh_token=0f16671f&x-expires=1761789600&x-signature=IKORNnp2Y1u41wkri9p2dlMmDLk%3D&t=4d5b0474&ps=13740610&shp=a5d48078&shcp=81f88b70&idc=my","false","https://www.tiktok.com/@dothuyquynh999","Actor at GayTVMedia ❤️
Nick phụ duy nhất của mình @Bổi 🌙","false","304","1044","130","1761192639","2025-10-23T04:10:39.000Z","16900","2855552157","Belle","0","361025088","SHAKE HEAD V27","0","2285041657","Retro Vibes","0","capcut","trend","xuhuong","gaytvmedia",,"7564264750364790036","xuhuong","false","false","false","false","số 5 đường số 6, khu đô thị mới, Thủ Đức, Hồ Chí Minh 700000, Vietnam","Ho Chi Minh City","1580578","1562822","42203860910146629","ChiHome The Opera Residence Thủ Thiêm","https://p16-sign-sg.tiktokcdn.com/tos-alisg-avt-0068/bf2e3518391b9cce09cbad1f0a160dc1~tplv-tiktokx-cropcenter:720:720.jpeg?dr=14579&refresh_token=2f6d49f8&x-expires=1761789600&x-signature=9pvg%2B%2FeJWkhViJ7yObBHfQ4cHEM%3D&t=4d5b0474&ps=13740610&shp=a5d48078&shcp=81f88b70&idc=my","…","7562525961058241296","nhạc nền - …","true","https://p16-sign-sg.tiktokcdn.com/tos-alisg-avt-0068/bf2e3518391b9cce09cbad1f0a160dc1~tplv-tiktokx-cropcenter:720:720.jpeg?dr=14579&refresh_token=2f6d49f8&x-expires=1761789600&x-signature=9pvg%2B%2FeJWkhViJ7yObBHfQ4cHEM%3D&t=4d5b0474&ps=13740610&shp=a5d48078&shcp=81f88b70&idc=my","https://v77.tiktokcdn.com/20351466dafcf34440cd84053a40a8c6/69018243/video/tos/alisg/tos-alisg-v-27dcd7/oQehsL5oIQPQAA5VvNeqYAXETAxdRGg1DAUpCe/?a=1180&bti=ODszNWYuMDE6&ch=0&cr=0&dr=0&er=0&lr=default&cd=0%7C0%7C0%7C0&br=250&bt=125&ds=5&ft=.NpOcInz7Th3WJoPXq8Zmo&mime_type=audio_mpeg&qs=13&rc=M3VvOnI5cmxxNjMzODU8NEBpM3VvOnI5cmxxNjMzODU8NEAwXjBjMmRzbm1hLS1kMS1zYSMwXjBjMmRzbm1hLS1kMS1zcw%3D%3D&vvpl=1&l=2025102810554447CC36B5E98EC4201389&btag=e00078000&cc=13","308500","xuhuong","5063600000000","356","Luỵ SG quớ 🤣 #CapCut #trend #xuhuong #gaytvmedia ","vi","https://p16-sign-sg.tiktokcdn.com/tos-alisg-p-0037/osHgIetIQXAfB8IAgjqMoDJs1RVFUtRzfDo8CY~tplv-tiktokx-origin.image?dr=14575&x-expires=1761789600&x-signature=fwcEFGDAn5HQxrf9b2TtIKtJMu4%3D&t=4d5b0474&ps=13740610&shp=81f88b70&shcp=43f4a2f9&idc=my","540p","18","mp4","1024","https://p16-sign-sg.tiktokcdn.com/tos-alisg-p-0037/osHgIetIQXAfB8IAgjqMoDJs1RVFUtRzfDo8CY~tplv-tiktokx-origin.image?dr=14575&x-expires=1761789600&x-signature=fwcEFGDAn5HQxrf9b2TtIKtJMu4%3D&t=4d5b0474&ps=13740610&shp=81f88b70&shcp=43f4a2f9&idc=my",,,,,,,,,,,,,"576","https://www.tiktok.com/@dothuyquynh999/video/7564264750364790036"
